StepId,RecordingId,ProcessId,TimeStamp,StepName,StepDescription,ApplicationProcessName,ApplicationParentWindowName,AutomationStep,NextStepId,label_EventName,label_EventId,Activity
0,Recording_17,Process_14,2022-02-21T03:44:45+00:00,Press button in window,Firefox - 1 running window in Quick Launch Bar,,,"[""UIAutomation.PressButton Button: appmask['Quick Launch Bar']['Firefox - 1 running window']\n""]",2.0,Go to collaborative platform,Event_77,Press button in window
1,Recording_17,Process_14,2022-02-21T03:44:49+00:00,Press button in window,Button 'Open a new tab (Ctrl+T)' in Window 'Mozilla Firefox',firefox,Mozilla Firefox,"[""UIAutomation.PressButton Button: appmask['Window \\'Mozilla Firefox\\'']['Button \\'Open a new tab (Ctrl+T)\\'']\n""]",3.0,Go to collaborative platform,Event_77,firefoxPress button in window
2,Recording_17,Process_14,2022-02-21T03:44:53+00:00,Populate text field in window,Edit 'Search with Google or enter address' in Window 'Mozilla Firefox',,,,,,,Populate text field in window
3,Recording_17,Process_14,2022-02-21T03:44:54+00:00,Send keys,TextToSend:'{Return}',,,"['WAIT 2\n', ""MouseAndKeyboard.SendKeys TextToSend: '{Return}'\n""]",5.0,Go to collaborative platform,Event_77,Send keys
4,Recording_17,Process_14,2022-02-21T03:45:02+00:00,Click UI element in window,Hyperlink 'Office  ... office.com' in Window 'o365 - Google Search ‚Äî Mozilla Firefox',firefox,o365 - Google Search ‚Äî Mozilla Firefox,"[""UIAutomation.Click Element: appmask['Window \\'o365 - Google Search ‚Äî Mozilla Firefox\\'']['Hyperlink \\'Office  ... office.com\\''] ClickType: UIAutomation.ClickType.LeftClick OffsetX: 77 OffsetY: 2 MousePositionRelativeToElement: UIAutomation.RectangleEdgePoint.MiddleLeft\n""]",6.0,Go to collaborative platform,Event_77,firefoxClick UI element in window
5,Recording_17,Process_14,2022-02-21T03:45:08+00:00,Click UI element in window,Hyperlink 'SharePoint' in Window 'Microsoft Office Home ‚Äî Mozilla Firefox',firefox,Microsoft Office Home ‚Äî Mozilla Firefox,"[""UIAutomation.Click Element: appmask['Window \\'Microsoft Office Home ‚Äî Mozilla Firefox\\'']['Hyperlink \\'SharePoint\\''] ClickType: UIAutomation.ClickType.LeftClick OffsetX: -7 OffsetY: 5 MousePositionRelativeToElement: UIAutomation.RectangleEdgePoint.MiddleCenter\n""]",8.0,Go to collaborative platform,Event_77,firefoxClick UI element in window
6,Recording_17,Process_14,2022-02-21T03:45:23+00:00,Click UI element in window,Hyperlink 'Project RoadMap' in Window 'SharePoint ‚Äî Mozilla Firefox',firefox,SharePoint ‚Äî Mozilla Firefox,"[""UIAutomation.Click Element: appmask['Window \\'SharePoint ‚Äî Mozilla Firefox\\'']['Hyperlink \\'Project RoadMap\\''] ClickType: UIAutomation.ClickType.LeftClick OffsetX: -10 OffsetY: -6 MousePositionRelativeToElement: UIAutomation.RectangleEdgePoint.MiddleCenter\n""]",9.0,Go to collaborative platform,Event_77,firefoxClick UI element in window
7,Recording_17,Process_14,2022-02-21T03:45:27+00:00,Click UI element in window,Hyperlink 'Documents' in Window 'Project RoadMap - Home ‚Äî Mozilla Firefox',firefox,Project RoadMap - Home ‚Äî Mozilla Firefox,"[""UIAutomation.Click Element: appmask['Window \\'Project RoadMap - Home ‚Äî Mozilla Firefox\\'']['Hyperlink \\'Documents\\''] ClickType: UIAutomation.ClickType.LeftClick OffsetX: 57 OffsetY: -3 MousePositionRelativeToElement: UIAutomation.RectangleEdgePoint.MiddleLeft\n""]",10.0,Go to collaborative platform,Event_77,firefoxClick UI element in window
8,Recording_17,Process_14,2022-02-21T03:45:35+00:00,Press button in window,Button 'Show actions' in Window 'Project  ...  ‚Äî Mozilla Firefox',firefox,Project RoadMap - Documents - All Documents ‚Äî Mozilla Firefox,"[""UIAutomation.PressButton Button: appmask['Window \\'Project  ...  ‚Äî Mozilla Firefox\\'']['Button \\'Show actions\\'']\n""]",11.0,Copy the link of document having Fire fighting mock drill agenda,Event_78,firefoxPress button in window
9,Recording_17,Process_14,2022-02-21T03:45:40+00:00,Select menu option in window,Menu Item 'Copy link' in Window 'Project  ...  ‚Äî Mozilla Firefox',firefox,Project RoadMap - Documents - All Documents ‚Äî Mozilla Firefox,"[""UIAutomation.SelectMenuOption Control: appmask['Window \\'Project  ...  ‚Äî Mozilla Firefox\\'']['Menu Item \\'Copy link\\'']\n""]",12.0,Copy the link of document having Fire fighting mock drill agenda,Event_78,firefoxSelect menu option in window
10,Recording_17,Process_14,2022-02-21T03:45:47+00:00,Press button in window,Button 'Copy' in Window 'Project  ...  ‚Äî Mozilla Firefox',firefox,Project RoadMap - Documents - All Documents ‚Äî Mozilla Firefox,"[""UIAutomation.PressButton Button: appmask['Window \\'Project  ...  ‚Äî Mozilla Firefox\\'']['Button \\'Copy\\'']\n""]",13.0,Copy the link of document having Fire fighting mock drill agenda,Event_78,firefoxPress button in window
11,Recording_17,Process_14,2022-02-21T03:45:51+00:00,Press button in window,Button 'Copy' 2 in Window 'Project  ...  ‚Äî Mozilla Firefox',firefox,Project RoadMap - Documents - All Documents ‚Äî Mozilla Firefox,"[""UIAutomation.PressButton Button: appmask['Window \\'Project  ...  ‚Äî Mozilla Firefox\\'']['Button \\'Copy\\' 2']\n""]",14.0,Copy the link of document having Fire fighting mock drill agenda,Event_78,firefoxPress button in window
12,Recording_17,Process_14,2022-02-21T03:46:01+00:00,Press button in window,"System Clock, 09:15 AM, ‚Äé21-‚Äé02-‚Äé2022 in System Tray",,,"[""UIAutomation.PressButton Button: appmask['System Tray']['System Clock, 09:15 AM, \u200e21-\u200e02-\u200e2022']\n""]",15.0,Verify the suitable date to conduct mock drill in coming week,Event_79,Press button in window
13,Recording_17,Process_14,2022-02-21T03:46:10+00:00,Click UI element in window,Data Item '25' in Window 'Date and Time Usernamermation',ShellExperienceHost,Date and Time Usernamermation,"[""UIAutomation.Click Element: appmask['Window \\'Date and Time Usernamermation\\'']['Data Item \\'25\\''] ClickType: UIAutomation.ClickType.LeftClick OffsetX: -5 OffsetY: -3 MousePositionRelativeToElement: UIAutomation.RectangleEdgePoint.MiddleCenter\n""]",16.0,Verify the suitable date to conduct mock drill in coming week,Event_79,ShellExperienceHostClick UI element in window
14,Recording_17,Process_14,2022-02-21T03:46:18+00:00,Press button in window,Microsoft Teams - 1 running window in Quick Launch Bar,,,"[""UIAutomation.PressButton Button: appmask['Quick Launch Bar']['Microsoft Teams - 1 running window']\n""]",17.0,Go to the Approval app and create a approval request,Event_80,Press button in window
15,Recording_17,Process_14,2022-02-21T03:46:24+00:00,Press button in window,"Button 'Apps Toolbar' in Pane 'Name Surname | Microsoft Teams, Main Window'",Teams,"Name Surname | Microsoft Teams, Main Window","[""UIAutomation.PressButton Button: appmask['Pane \\'Name Surname | Microsoft Teams, Main Window\\'']['Button \\'Apps Toolbar\\'']\n""]",18.0,Go to the Approval app and create a approval request,Event_80,TeamsPress button in window
16,Recording_17,Process_14,2022-02-21T03:46:36+00:00,Click UI element in window,"List Item 'Approvals store item' in Pane 'Name Surname | Microsoft Teams, Main Window'",Teams,"Name Surname | Microsoft Teams, Main Window","[""UIAutomation.Click Element: appmask['Pane \\'Name Surname | Microsoft Teams, Main Window\\'']['List Item \\'Approvals store item\\''] ClickType: UIAutomation.ClickType.LeftClick OffsetX: 140 OffsetY: 17 MousePositionRelativeToElement: UIAutomation.RectangleEdgePoint.TopLeft\n""]",19.0,Go to the Approval app and create a approval request,Event_80,TeamsClick UI element in window
17,Recording_17,Process_14,2022-02-21T03:46:41+00:00,Press button in window,"Button 'Open' in Pane 'Name Surname | Microsoft Teams, Main Window'",Teams,"Name Surname | Microsoft Teams, Main Window","[""UIAutomation.PressButton Button: appmask['Pane \\'Name Surname | Microsoft Teams, Main Window\\'']['Button \\'Open\\'']\n""]",20.0,Go to the Approval app and create a approval request,Event_80,TeamsPress button in window
18,Recording_17,Process_14,2022-02-21T03:46:51+00:00,Press button in window,"Button 'New approval request' in Pane 'Name Surname | Microsoft Teams, Main Window'",Teams,"Name Surname | Microsoft Teams, Main Window","[""UIAutomation.PressButton Button: appmask['Pane \\'Name Surname | Microsoft Teams, Main Window\\'']['Button \\'New approval request\\'']\n""]",21.0,Go to the Approval app and create a approval request,Event_80,TeamsPress button in window
19,Recording_17,Process_14,2022-02-21T03:46:56+00:00,Click UI element in window,"List Item 'Basic request' in Pane 'Name Surname | Microsoft Teams, Main Window'",Teams,"Name Surname | Microsoft Teams, Main Window","[""UIAutomation.Click Element: appmask['Pane \\'Name Surname | Microsoft Teams, Main Window\\'']['List Item \\'Basic request\\''] ClickType: UIAutomation.ClickType.LeftClick OffsetX: -20 OffsetY: 12 MousePositionRelativeToElement: UIAutomation.RectangleEdgePoint.TopRight\n""]",22.0,Go to the Approval app and create a approval request,Event_80,TeamsClick UI element in window
20,Recording_17,Process_14,2022-02-21T03:47:50+00:00,Populate text field in window,"Edit 'Name of request' in Pane 'Name Surname | Microsoft Teams, Main Window'",,,,,,,Populate text field in window
21,Recording_17,Process_14,2022-02-21T03:47:55+00:00,Click UI element in window,"Data Item 'Business Tip to Delhi' in Pane 'Name Surname | Microsoft Teams, Main Window'",Teams,"Name Surname | Microsoft Teams, Main Window","[""UIAutomation.Click Element: appmask['Pane \\'Name Surname | Microsoft Teams, Main Window\\'']['Data Item \\'Business Tip to Delhi\\''] ClickType: UIAutomation.ClickType.LeftClick OffsetX: -2 OffsetY: 6 MousePositionRelativeToElement: UIAutomation.RectangleEdgePoint.MiddleCenter\n""]",24.0,Go to the Approval app and create a approval request,Event_80,TeamsClick UI element in window
22,Recording_17,Process_14,2022-02-21T03:47:57+00:00,Send keys,TextToSend:'sun',,,"['WAIT 2\n', ""MouseAndKeyboard.SendKeys TextToSend: 'sun'\n""]",25.0,Go to the Approval app and create a approval request,Event_80,Send keys
23,Recording_17,Process_14,2022-02-21T03:48:14+00:00,Click UI element in window,"List Item 'Name Surname Email@Domain' in Pane 'Name Surname | Microsoft Teams, Main Window'",Teams,"Name Surname | Microsoft Teams, Main Window","[""UIAutomation.Click Element: appmask['Pane \\'Name Surname | Microsoft Teams, Main Window\\'']['List Item \\'Name Surname Email@Domain\\''] ClickType: UIAutomation.ClickType.LeftClick OffsetX: 42 OffsetY: -14 MousePositionRelativeToElement: UIAutomation.RectangleEdgePoint.BottomLeft\n""]",26.0,Go to the Approval app and create a approval request,Event_80,TeamsClick UI element in window
24,Recording_17,Process_14,2022-02-21T03:48:22+00:00,Select menu option in window,"Menu Item 'Add attachment' in Pane 'Name Surname | Microsoft Teams, Main Window'",Teams,"Name Surname | Microsoft Teams, Main Window","[""UIAutomation.SelectMenuOption Control: appmask['Pane \\'Name Surname | Microsoft Teams, Main Window\\'']['Menu Item \\'Add attachment\\'']\n""]",27.0,Go to the Approval app and create a approval request,Event_80,TeamsSelect menu option in window
25,Recording_17,Process_14,2022-02-21T03:48:44+00:00,Click UI element in window,"Group in Pane 'Name Surname | Microsoft Teams, Main Window'",Teams,"Name Surname | Microsoft Teams, Main Window","[""UIAutomation.Click Element: appmask['Pane \\'Name Surname | Microsoft Teams, Main Window\\'']['Group'] ClickType: UIAutomation.ClickType.LeftClick OffsetX: 59 OffsetY: -14 MousePositionRelativeToElement: UIAutomation.RectangleEdgePoint.BottomLeft\n""]",28.0,Go to the Approval app and create a approval request,Event_80,TeamsClick UI element in window
26,Recording_17,Process_14,2022-02-21T03:48:56+00:00,Populate text field in window,"Edit 'Name to display' in Pane 'Name Surname | Microsoft Teams, Main Window'",,,,,,,Populate text field in window
27,Recording_17,Process_14,2022-02-21T03:48:57+00:00,Click UI element in window,"Data Item 'Approved' in Pane 'Name Surname | Microsoft Teams, Main Window'",Teams,"Name Surname | Microsoft Teams, Main Window","[""UIAutomation.Click Element: appmask['Pane \\'Name Surname | Microsoft Teams, Main Window\\'']['Data Item \\'Approved\\''] ClickType: UIAutomation.ClickType.LeftClick OffsetX: -3 OffsetY: 4 MousePositionRelativeToElement: UIAutomation.RectangleEdgePoint.TopCenter\n""]",30.0,Go to the Approval app and create a approval request,Event_80,TeamsClick UI element in window
28,Recording_17,Process_14,2022-02-21T03:48:59+00:00,Populate text field in window,"Edit 'Address' in Pane 'Name Surname | Microsoft Teams, Main Window'",,,,,,,Populate text field in window
29,Recording_17,Process_14,2022-02-21T03:49:02+00:00,Press button in window,"Button 'Attach' in Pane 'Name Surname | Microsoft Teams, Main Window'",Teams,"Name Surname | Microsoft Teams, Main Window","[""UIAutomation.PressButton Button: appmask['Pane \\'Name Surname | Microsoft Teams, Main Window\\'']['Button \\'Attach\\'']\n""]",32.0,Go to the Approval app and create a approval request,Event_80,TeamsPress button in window
30,Recording_17,Process_14,2022-02-21T03:49:07+00:00,Click UI element in window,"Data Item '23-11-2021 10:50:34 am' in Pane 'Name Surname | Microsoft Teams, Main Window'",Teams,"Name Surname | Microsoft Teams, Main Window","[""UIAutomation.Click Element: appmask['Pane \\'Name Surname | Microsoft Teams, Main Window\\'']['Data Item \\'23-11-2021 10:50:34 am\\''] ClickType: UIAutomation.ClickType.LeftClick OffsetX: -45 OffsetY: 3 MousePositionRelativeToElement: UIAutomation.RectangleEdgePoint.TopRight\n"", '# End of autogenerated actions using the desktop recorder\n']",,Send Approval request to higher authority,Event_81,TeamsClick UI element in window
0,Recording_18,Process_14,2022-02-21T04:49:38+00:00,Select menu option in window,Microsoft Edge (2) - 2 running windows in Quick Launch Bar,,,"[""UIAutomation.SelectMenuOption Control: appmask['Quick Launch Bar']['Microsoft Edge (2) - 2 running windows']\n""]",2.0,Open the web-based collaborative platform,Event_82,Select menu option in window
1,Recording_18,Process_14,2022-02-21T04:49:42+00:00,Click UI element in window,List Item 'New tab  ...  - Microsoft‚Äã Edge' in List 'Task Switcher',,Task Switcher,"[""UIAutomation.Click Element: appmask['List \\'Task Switcher\\'']['List Item \\'New tab  ...  - Microsoft\u200b Edge\\''] ClickType: UIAutomation.ClickType.LeftClick OffsetX: 29 OffsetY: 9 MousePositionRelativeToElement: UIAutomation.RectangleEdgePoint.MiddleLeft\n""]",3.0,Open the web-based collaborative platform,Event_82,Click UI element in window
2,Recording_18,Process_14,2022-02-21T04:49:51+00:00,Populate text field in window,Edit 'Address and search bar' in Window 'New tab and  ...  - Microsoft‚Äã Edge',,,,,,,Populate text field in window
3,Recording_18,Process_14,2022-02-21T04:49:52+00:00,Send keys,TextToSend:'{Return}',,,"['WAIT 2\n', ""MouseAndKeyboard.SendKeys TextToSend: '{Return}'\n""]",5.0,Open the web-based collaborative platform,Event_82,Send keys
4,Recording_18,Process_14,2022-02-21T04:49:56+00:00,Click UI element in window,Hyperlink 'Office 365 login' in Window 'sharepoint  ...  - Microsoft‚Äã Edge',msedge,sharepoint login - Search and 1 more page - [InPrivate] - Microsoft‚Äã Edge,"[""UIAutomation.Click Element: appmask['Window \\'sharepoint  ...  - Microsoft\u200b Edge\\'']['Hyperlink \\'Office 365 login\\''] ClickType: UIAutomation.ClickType.LeftClick OffsetX: -40 OffsetY: -2 MousePositionRelativeToElement: UIAutomation.RectangleEdgePoint.MiddleRight\n""]",6.0,Open the web-based collaborative platform,Event_82,msedgeClick UI element in window
5,Recording_18,Process_14,2022-02-21T04:50:01+00:00,Click UI element in window,Hyperlink 'SharePoint' in Window 'Microsoft  ...  - Microsoft‚Äã Edge',msedge,Microsoft Office Home and 2 more pages - [InPrivate] - Microsoft‚Äã Edge,"[""UIAutomation.Click Element: appmask['Window \\'Microsoft  ...  - Microsoft\u200b Edge\\'']['Hyperlink \\'SharePoint\\''] ClickType: UIAutomation.ClickType.LeftClick OffsetX: 2 OffsetY: 0 MousePositionRelativeToElement: UIAutomation.RectangleEdgePoint.MiddleCenter\n""]",7.0,Open the web-based collaborative platform,Event_82,msedgeClick UI element in window
6,Recording_18,Process_14,2022-02-21T04:50:08+00:00,Click UI element in window,Hyperlink 'Project RoadMap' in Window 'SharePoint  ...  - Microsoft‚Äã Edge' 2,msedge,SharePoint and 3 more pages - [InPrivate] - Microsoft‚Äã Edge,"[""UIAutomation.Click Element: appmask['Window \\'SharePoint  ...  - Microsoft\u200b Edge\\' 2']['Hyperlink \\'Project RoadMap\\''] ClickType: UIAutomation.ClickType.LeftClick OffsetX: 3 OffsetY: 1 MousePositionRelativeToElement: UIAutomation.RectangleEdgePoint.MiddleCenter\n""]",8.0,Get the Fire fighting mock drill agenda link,Event_83,msedgeClick UI element in window
7,Recording_18,Process_14,2022-02-21T04:50:34+00:00,Click UI element in window,Hyperlink 'Shared  ...  about an hour ago' in Window 'Project  ...  - Microsoft‚Äã Edge',msedge,Project RoadMap - Home and 3 more pages - [InPrivate] - Microsoft‚Äã Edge,"[""UIAutomation.Click Element: appmask['Window \\'Project  ...  - Microsoft\u200b Edge\\'']['Hyperlink \\'Shared  ...  about an hour ago\\''] ClickType: UIAutomation.ClickType.RightClick OffsetX: -81 OffsetY: 79 MousePositionRelativeToElement: UIAutomation.RectangleEdgePoint.TopRight\n""]",9.0,Get the Fire fighting mock drill agenda link,Event_83,msedgeClick UI element in window
8,Recording_18,Process_14,2022-02-21T04:50:38+00:00,Click UI element in window,Hyperlink 'Shared  ...  about an hour ago' in Window 'Project  ...  - Microsoft‚Äã Edge',msedge,Project RoadMap - Home and 3 more pages - [InPrivate] - Microsoft‚Äã Edge,"[""UIAutomation.Click Element: appmask['Window \\'Project  ...  - Microsoft\u200b Edge\\'']['Hyperlink \\'Shared  ...  about an hour ago\\''] ClickType: UIAutomation.ClickType.LeftClick OffsetX: 0 OffsetY: -19 MousePositionRelativeToElement: UIAutomation.RectangleEdgePoint.MiddleCenter\n""]",10.0,Get the Fire fighting mock drill agenda link,Event_83,msedgeClick UI element in window
9,Recording_18,Process_14,2022-02-21T04:50:46+00:00,Press button in window,Button 'Share' in Window 'Firefighting  ...  - Microsoft‚Äã Edge',msedge,Firefighting mockdrill agenda.docx and 3 more pages - [InPrivate] - Microsoft‚Äã Edge,"[""UIAutomation.PressButton Button: appmask['Window \\'Firefighting  ...  - Microsoft\u200b Edge\\'']['Button \\'Share\\'']\n""]",11.0,Get the Fire fighting mock drill agenda link,Event_83,msedgePress button in window
10,Recording_18,Process_14,2022-02-21T04:50:49+00:00,Press button in window,Button 'Copy' in Window 'Firefighting  ...  - Microsoft‚Äã Edge',msedge,Firefighting mockdrill agenda.docx and 3 more pages - [InPrivate] - Microsoft‚Äã Edge,"[""UIAutomation.PressButton Button: appmask['Window \\'Firefighting  ...  - Microsoft\u200b Edge\\'']['Button \\'Copy\\'']\n""]",12.0,Get the Fire fighting mock drill agenda link,Event_83,msedgePress button in window
11,Recording_18,Process_14,2022-02-21T04:50:59+00:00,Press button in window,Outlook 2013 - 1 running window in Quick Launch Bar,,,"[""UIAutomation.PressButton Button: appmask['Quick Launch Bar']['Outlook 2013 - 1 running window']\n""]",13.0,Check appropriate date to organize Fire fighting mock drill in coming week,Event_84,Press button in window
12,Recording_18,Process_14,2022-02-21T04:51:03+00:00,Press button in window,Button 'Calendar' in Window 'Inbox - Email@Domain - Outlook',OUTLOOK,Inbox - Email@Domain - Outlook,"[""UIAutomation.PressButton Button: appmask['Window \\'Inbox - Email@Domain - Outlook\\'']['Button \\'Calendar\\'']\n""]",14.0,Check appropriate date to organize Fire fighting mock drill in coming week,Event_84,OUTLOOKPress button in window
13,Recording_18,Process_14,2022-02-21T04:51:08+00:00,Click UI element in window,"List 'Month View,  ...  6, 2022 12:00am' in Window 'Calendar - Email@Domain - Outlook'",OUTLOOK,Calendar - Email@Domain - Outlook,"[""UIAutomation.Click Element: appmask['Window \\'Calendar - Email@Domain - Outlook\\'']['List \\'Month View,  ...  6, 2022 12:00am\\''] ClickType: UIAutomation.ClickType.LeftClick OffsetX: -238 OffsetY: -161 MousePositionRelativeToElement: UIAutomation.RectangleEdgePoint.BottomRight\n""]",15.0,Check appropriate date to organize Fire fighting mock drill in coming week,Event_84,OUTLOOKClick UI element in window
14,Recording_18,Process_14,2022-02-21T04:51:14+00:00,Click UI element in window,"List 'Month View,  ...  6, 2022 12:00am' in Window 'Calendar - Email@Domain - Outlook'",OUTLOOK,Calendar - Email@Domain - Outlook,"[""UIAutomation.Click Element: appmask['Window \\'Calendar - Email@Domain - Outlook\\'']['List \\'Month View,  ...  6, 2022 12:00am\\''] ClickType: UIAutomation.ClickType.LeftClick OffsetX: -242 OffsetY: -154 MousePositionRelativeToElement: UIAutomation.RectangleEdgePoint.BottomRight\n""]",16.0,Check appropriate date to organize Fire fighting mock drill in coming week,Event_84,OUTLOOKClick UI element in window
15,Recording_18,Process_14,2022-02-21T04:51:25+00:00,Select menu option in window,Microsoft Edge (2) - 2 running windows in Quick Launch Bar,,,"[""UIAutomation.SelectMenuOption Control: appmask['Quick Launch Bar']['Microsoft Edge (2) - 2 running windows']\n""]",17.0,Create an Approval request via Approval flow,Event_85,Select menu option in window
16,Recording_18,Process_14,2022-02-21T04:51:31+00:00,Click UI element in window,List Item 'New tab  ...  - Microsoft‚Äã Edge' in List 'Task Switcher',,Task Switcher,"[""UIAutomation.Click Element: appmask['List \\'Task Switcher\\'']['List Item \\'New tab  ...  - Microsoft\u200b Edge\\''] ClickType: UIAutomation.ClickType.LeftClick OffsetX: 60 OffsetY: -46 MousePositionRelativeToElement: UIAutomation.RectangleEdgePoint.BottomLeft\n""]",18.0,Create an Approval request via Approval flow,Event_85,Click UI element in window
17,Recording_18,Process_14,2022-02-21T04:51:34+00:00,Press button in window,Button 'New Tab' in Window 'Firefighting  ...  - Microsoft‚Äã Edge',msedge,Firefighting mockdrill agenda.docx and 3 more pages - [InPrivate] - Microsoft‚Äã Edge,"[""UIAutomation.PressButton Button: appmask['Window \\'Firefighting  ...  - Microsoft\u200b Edge\\'']['Button \\'New Tab\\'']\n""]",19.0,Create an Approval request via Approval flow,Event_85,msedgePress button in window
18,Recording_18,Process_14,2022-02-21T04:51:37+00:00,Click UI element in window,Edit 'Address and search bar' in Window 'New tab and  ...  - Microsoft‚Äã Edge',msedge,New tab and 1 more page - [InPrivate] - Microsoft‚Äã Edge,"[""UIAutomation.Click Element: appmask['Window \\'New tab and  ...  - Microsoft\u200b Edge\\'']['Edit \\'Address and search bar\\''] ClickType: UIAutomation.ClickType.LeftClick OffsetX: 282 OffsetY: -2 MousePositionRelativeToElement: UIAutomation.RectangleEdgePoint.MiddleLeft\n""]",20.0,Create an Approval request via Approval flow,Event_85,msedgeClick UI element in window
19,Recording_18,Process_14,2022-02-21T04:51:43+00:00,Populate text field in window,Edit 'Address and search bar' in Window 'New tab and  ...  - Microsoft‚Äã Edge' 2,,,,,,,Populate text field in window
20,Recording_18,Process_14,2022-02-21T04:51:44+00:00,Send keys,TextToSend:'{Return}',,,"['WAIT 2\n', ""MouseAndKeyboard.SendKeys TextToSend: '{Return}'\n""]",22.0,Create an Approval request via Approval flow,Event_85,Send keys
21,Recording_18,Process_14,2022-02-21T04:51:48+00:00,Click UI element in window,Hyperlink 'Power Automate | Microsoft Power Platform' in Window 'power  ...  - Microsoft‚Äã Edge',msedge,power automate - Search and 4 more pages - [InPrivate] - Microsoft‚Äã Edge,"[""UIAutomation.Click Element: appmask['Window \\'power  ...  - Microsoft\u200b Edge\\'']['Hyperlink \\'Power Automate | Microsoft Power Platform\\''] ClickType: UIAutomation.ClickType.LeftClick OffsetX: 16 OffsetY: -2 MousePositionRelativeToElement: UIAutomation.RectangleEdgePoint.MiddleCenter\n""]",23.0,Create an Approval request via Approval flow,Event_85,msedgeClick UI element in window
22,Recording_18,Process_14,2022-02-21T04:51:56+00:00,Select menu option in window,Menu Item 'My flows' in Window 'Microsoft  ...  - Microsoft‚Äã Edge' 2,msedge,Microsoft Power Automate | Microsoft Power Platform and 5 more pages - [InPrivate] - Microsoft‚Äã Edge,"[""UIAutomation.SelectMenuOption Control: appmask['Window \\'Microsoft  ...  - Microsoft\u200b Edge\\' 2']['Menu Item \\'My flows\\'']\n""]",24.0,Create an Approval request via Approval flow,Event_85,msedgeSelect menu option in window
23,Recording_18,Process_14,2022-02-21T04:52:03+00:00,Select menu option in window,Menu Item 'Add new' in Window 'Manage your  ...  - Microsoft‚Äã Edge',msedge,Manage your flows | Microsoft Power Automate and 5 more pages - [InPrivate] - Microsoft‚Äã Edge,"[""UIAutomation.SelectMenuOption Control: appmask['Window \\'Manage your  ...  - Microsoft\u200b Edge\\'']['Menu Item \\'Add new\\'']\n""]",25.0,Create an Approval request via Approval flow,Event_85,msedgeSelect menu option in window
24,Recording_18,Process_14,2022-02-21T04:52:08+00:00,Select menu option in window,Menu Item 'Instant cloud flow‚Äîfrom blank' in Window 'Manage your  ...  - Microsoft‚Äã Edge',msedge,Manage your flows | Microsoft Power Automate and 5 more pages - [InPrivate] - Microsoft‚Äã Edge,"[""UIAutomation.SelectMenuOption Control: appmask['Window \\'Manage your  ...  - Microsoft\u200b Edge\\'']['Menu Item \\'Instant cloud flow‚Äîfrom blank\\'']\n""]",26.0,Create an Approval request via Approval flow,Event_85,msedgeSelect menu option in window
25,Recording_18,Process_14,2022-02-21T04:52:10+00:00,Click UI element in window,Edit 'Flow name' in Window 'Manage your  ...  - Microsoft‚Äã Edge',msedge,Manage your flows | Microsoft Power Automate and 5 more pages - [InPrivate] - Microsoft‚Äã Edge,"[""UIAutomation.Click Element: appmask['Window \\'Manage your  ...  - Microsoft\u200b Edge\\'']['Edit \\'Flow name\\''] ClickType: UIAutomation.ClickType.LeftClick OffsetX: 25 OffsetY: -4 MousePositionRelativeToElement: UIAutomation.RectangleEdgePoint.MiddleLeft\n""]",27.0,Create an Approval request via Approval flow,Event_85,msedgeClick UI element in window
26,Recording_18,Process_14,2022-02-21T04:52:30+00:00,Populate text field in window,Edit 'Flow name' 2 in Window 'Manage your  ...  - Microsoft‚Äã Edge',,,,,,,Populate text field in window
27,Recording_18,Process_14,2022-02-21T04:52:41+00:00,Click UI element in window,Data Item 'Manually  ...  trigger a flow. ' in Window 'Manage your  ...  - Microsoft‚Äã Edge',msedge,Manage your flows | Microsoft Power Automate and 5 more pages - [InPrivate] - Microsoft‚Äã Edge,"[""UIAutomation.Click Element: appmask['Window \\'Manage your  ...  - Microsoft\u200b Edge\\'']['Data Item \\'Manually  ...  trigger a flow. \\''] ClickType: UIAutomation.ClickType.LeftClick OffsetX: 32 OffsetY: -16 MousePositionRelativeToElement: UIAutomation.RectangleEdgePoint.BottomLeft\n""]",29.0,Create an Approval request via Approval flow,Event_85,msedgeClick UI element in window
28,Recording_18,Process_14,2022-02-21T04:52:43+00:00,Click UI element in window,Hyperlink 'Create' in Window 'Manage your  ...  - Microsoft‚Äã Edge',msedge,Manage your flows | Microsoft Power Automate and 5 more pages - [InPrivate] - Microsoft‚Äã Edge,"[""UIAutomation.Click Element: appmask['Window \\'Manage your  ...  - Microsoft\u200b Edge\\'']['Hyperlink \\'Create\\''] ClickType: UIAutomation.ClickType.LeftClick OffsetX: 21 OffsetY: -1 MousePositionRelativeToElement: UIAutomation.RectangleEdgePoint.MiddleLeft\n""]",30.0,Create an Approval request via Approval flow,Event_85,msedgeClick UI element in window
29,Recording_18,Process_14,2022-02-21T04:52:46+00:00,Press button in window,Button '+ New step' in Window 'Create your  ...  - Microsoft‚Äã Edge',msedge,Create your flow | Power Automate and 5 more pages - [InPrivate] - Microsoft‚Äã Edge,"[""UIAutomation.PressButton Button: appmask['Window \\'Create your  ...  - Microsoft\u200b Edge\\'']['Button \\'+ New step\\'']\n""]",31.0,Create an Approval request via Approval flow,Event_85,msedgePress button in window
30,Recording_18,Process_14,2022-02-21T04:52:53+00:00,Populate text field in window,Edit 'Search connectors and actions' in Window 'Create your  ...  - Microsoft‚Äã Edge',,,,,,,Populate text field in window
31,Recording_18,Process_14,2022-02-21T04:52:58+00:00,Press button in window,Button 'Approvals' in Window 'Create your  ...  - Microsoft‚Äã Edge',msedge,Create your flow | Power Automate and 5 more pages - [InPrivate] - Microsoft‚Äã Edge,"[""UIAutomation.PressButton Button: appmask['Window \\'Create your  ...  - Microsoft\u200b Edge\\'']['Button \\'Approvals\\'']\n""]",33.0,Create an Approval request via Approval flow,Event_85,msedgePress button in window
32,Recording_18,Process_14,2022-02-21T04:53:02+00:00,Press button in window,Button 'Start and wait for an approval Approvals' in Window 'Create your  ...  - Microsoft‚Äã Edge',msedge,Create your flow | Power Automate and 5 more pages - [InPrivate] - Microsoft‚Äã Edge,"[""UIAutomation.PressButton Button: appmask['Window \\'Create your  ...  - Microsoft\u200b Edge\\'']['Button \\'Start and wait for an approval Approvals\\'']\n""]",34.0,Create an Approval request via Approval flow,Event_85,msedgePress button in window
33,Recording_18,Process_14,2022-02-21T04:53:09+00:00,Set drop-down list value in window,Combo Box 'Approval type' in Window 'Create your  ...  - Microsoft‚Äã Edge',msedge,Create your flow | Power Automate and 5 more pages - [InPrivate] - Microsoft‚Äã Edge,"[""UIAutomation.SetDropDownListValueInWindow.SetDropDownListValueByName DropDownList: appmask['Window \\'Create your  ...  - Microsoft\u200b Edge\\'']['Combo Box \\'Approval type\\''] OptionsNames: 'Enter custom value'\n""]",35.0,Create an Approval request via Approval flow,Event_85,msedgeSet drop-down list value in window
34,Recording_18,Process_14,2022-02-21T04:53:23+00:00,Populate text field in window,Edit 'Title' in Window 'Create your  ...  - Microsoft‚Äã Edge',,,,,,,Populate text field in window
35,Recording_18,Process_14,2022-02-21T04:53:25+00:00,Click UI element in window,"Text 'Email addresses, separated by a semicolon (",,,,,,,Click UI element in window
36,Recording_18,Process_14,2022-02-21T04:53:28+00:00,Send keys,TextToSend:'NameSurname{LShiftKey}(@)mykarmahu',,,"['WAIT 2\n', ""MouseAndKeyboard.SendKeys TextToSend: 'NameSurname{LShiftKey}(@)mykarmahu'\n""]",38.0,Share Mock drill request to higher authority,Event_86,Send keys
37,Recording_18,Process_14,2022-02-21T04:54:13+00:00,Click UI element in window,List Item 'Name Surname' in Window 'Create your  ...  - Microsoft‚Äã Edge',msedge,Create your flow | Power Automate and 5 more pages - [InPrivate] - Microsoft‚Äã Edge,"[""UIAutomation.Click Element: appmask['Window \\'Create your  ...  - Microsoft\u200b Edge\\'']['List Item \\'Name Surname\\''] ClickType: UIAutomation.ClickType.LeftClick OffsetX: 108 OffsetY: -4 MousePositionRelativeToElement: UIAutomation.RectangleEdgePoint.MiddleLeft\n""]",39.0,Share Mock drill request to higher authority,Event_86,msedgeClick UI element in window
38,Recording_18,Process_14,2022-02-21T04:54:20+00:00,Populate text field in window,Edit 'Item link' in Window 'Create your  ...  - Microsoft‚Äã Edge',msedge,Create your flow | Power Automate and 5 more pages - [InPrivate] - Microsoft‚Äã Edge,"[""UIAutomation.PopulateTextField TextField: appmask['Window \\'Create your  ...  - Microsoft\u200b Edge\\'']['Edit \\'Item link\\''] Text: '''\n"", ""''' Mode: UIAutomation.PopulateTextMode.Replace ClickType: UIAutomation.PopulateMouseClickType.SingleClick\n""]",40.0,Share Mock drill request to higher authority,Event_86,msedgePopulate text field in window
39,Recording_18,Process_14,2022-02-21T04:54:24+00:00,Press button in window,Button '+ New step' 2 in Window 'Create your  ...  - Microsoft‚Äã Edge',msedge,Create your flow | Power Automate and 5 more pages - [InPrivate] - Microsoft‚Äã Edge,"[""UIAutomation.PressButton Button: appmask['Window \\'Create your  ...  - Microsoft\u200b Edge\\'']['Button \\'+ New step\\' 2']\n""]",41.0,Share Mock drill request to higher authority,Event_86,msedgePress button in window
40,Recording_18,Process_14,2022-02-21T04:54:27+00:00,Press button in window,Button 'Condition Control' in Window 'Create your  ...  - Microsoft‚Äã Edge',msedge,Create your flow | Power Automate and 5 more pages - [InPrivate] - Microsoft‚Äã Edge,"[""UIAutomation.PressButton Button: appmask['Window \\'Create your  ...  - Microsoft\u200b Edge\\'']['Button \\'Condition Control\\'']\n""]",42.0,Share Mock drill request to higher authority,Event_86,msedgePress button in window
41,Recording_18,Process_14,2022-02-21T04:54:30+00:00,Click UI element in window,Edit 'Object Name' in Window 'Create your  ...  - Microsoft‚Äã Edge',msedge,Create your flow | Power Automate and 5 more pages - [InPrivate] - Microsoft‚Äã Edge,"[""UIAutomation.Click Element: appmask['Window \\'Create your  ...  - Microsoft\u200b Edge\\'']['Edit \\'Object Name\\''] ClickType: UIAutomation.ClickType.LeftClick OffsetX: 35 OffsetY: 2 MousePositionRelativeToElement: UIAutomation.RectangleEdgePoint.MiddleLeft\n""]",43.0,Share Mock drill request to higher authority,Event_86,msedgeClick UI element in window
42,Recording_18,Process_14,2022-02-21T04:54:33+00:00,Press button in window,Button 'Outcome The outcome of the approval' in Window 'Create your  ...  - Microsoft‚Äã Edge',msedge,Create your flow | Power Automate and 5 more pages - [InPrivate] - Microsoft‚Äã Edge,"[""UIAutomation.PressButton Button: appmask['Window \\'Create your  ...  - Microsoft\u200b Edge\\'']['Button \\'Outcome The outcome of the approval\\'']\n""]",44.0,Share Mock drill request to higher authority,Event_86,msedgePress button in window
43,Recording_18,Process_14,2022-02-21T04:54:35+00:00,Click UI element in window,Edit 'Value' in Window 'Create your  ...  - Microsoft‚Äã Edge',msedge,Create your flow | Power Automate and 5 more pages - [InPrivate] - Microsoft‚Äã Edge,"[""UIAutomation.Click Element: appmask['Window \\'Create your  ...  - Microsoft\u200b Edge\\'']['Edit \\'Value\\''] ClickType: UIAutomation.ClickType.LeftClick OffsetX: 5 OffsetY: 3 MousePositionRelativeToElement: UIAutomation.RectangleEdgePoint.MiddleLeft\n""]",45.0,Share Mock drill request to higher authority,Event_86,msedgeClick UI element in window
44,Recording_18,Process_14,2022-02-21T04:54:39+00:00,Populate text field in window,Edit 'Value' 2 in Window 'Create your  ...  - Microsoft‚Äã Edge',msedge,Create your flow | Power Automate and 5 more pages - [InPrivate] - Microsoft‚Äã Edge,"[""UIAutomation.PopulateTextField TextField: appmask['Window \\'Create your  ...  - Microsoft\u200b Edge\\'']['Edit \\'Value\\' 2'] Text: '''\n"", ""''' Mode: UIAutomation.PopulateTextMode.Replace ClickType: UIAutomation.PopulateMouseClickType.SingleClick\n""]",46.0,Share Mock drill request to higher authority,Event_86,msedgePopulate text field in window
45,Recording_18,Process_14,2022-02-21T04:54:42+00:00,Press button in window,Window 'Create your  ...  - Microsoft‚Äã Edge',msedge,Create your flow | Power Automate and 5 more pages - [InPrivate] - Microsoft‚Äã Edge,"[""UIAutomation.PressButton Button: appmask['Window \\'Create your  ...  - Microsoft\u200b Edge\\'']['Button \\'Add an action for Condition\\'s If yes branch\\'']\n""]",47.0,Share Mock drill request to higher authority,Event_86,msedgePress button in window
46,Recording_18,Process_14,2022-02-21T04:54:44+00:00,Press button in window,Window 'Create your  ...  - Microsoft‚Äã Edge',msedge,Create your flow | Power Automate and 5 more pages - [InPrivate] - Microsoft‚Äã Edge,"[""UIAutomation.PressButton Button: appmask['Window \\'Create your  ...  - Microsoft\u200b Edge\\'']['Button \\'Add an action for Condition\\'s If yes branch\\' 2']\n""]",48.0,Share Mock drill request to higher authority,Event_86,msedgePress button in window
47,Recording_18,Process_14,2022-02-21T04:54:46+00:00,Click UI element in window,Edit 'Search connectors and actions' 2 in Window 'Create your  ...  - Microsoft‚Äã Edge',msedge,Create your flow | Power Automate and 5 more pages - [InPrivate] - Microsoft‚Äã Edge,"[""UIAutomation.Click Element: appmask['Window \\'Create your  ...  - Microsoft\u200b Edge\\'']['Edit \\'Search connectors and actions\\' 2'] ClickType: UIAutomation.ClickType.LeftClick OffsetX: 70 OffsetY: 4 MousePositionRelativeToElement: UIAutomation.RectangleEdgePoint.MiddleLeft\n""]",49.0,Share Mock drill request to higher authority,Event_86,msedgeClick UI element in window
48,Recording_18,Process_14,2022-02-21T04:54:49+00:00,Populate text field in window,Edit 'Search connectors and actions' 3 in Window 'Create your  ...  - Microsoft‚Äã Edge',,,,,,,Populate text field in window
49,Recording_18,Process_14,2022-02-21T04:54:53+00:00,Press button in window,Button 'Compose Data Operation' in Window 'Create your  ...  - Microsoft‚Äã Edge',msedge,Create your flow | Power Automate and 5 more pages - [InPrivate] - Microsoft‚Äã Edge,"[""UIAutomation.PressButton Button: appmask['Window \\'Create your  ...  - Microsoft\u200b Edge\\'']['Button \\'Compose Data Operation\\'']\n""]",51.0,Share Mock drill request to higher authority,Event_86,msedgePress button in window
50,Recording_18,Process_14,2022-02-21T04:54:57+00:00,Click UI element in window,Edit 'Inputs' in Window 'Create your  ...  - Microsoft‚Äã Edge',msedge,Create your flow | Power Automate and 5 more pages - [InPrivate] - Microsoft‚Äã Edge,"[""UIAutomation.Click Element: appmask['Window \\'Create your  ...  - Microsoft\u200b Edge\\'']['Edit \\'Inputs\\''] ClickType: UIAutomation.ClickType.LeftClick OffsetX: 4 OffsetY: -1 MousePositionRelativeToElement: UIAutomation.RectangleEdgePoint.MiddleLeft\n""]",52.0,Share Mock drill request to higher authority,Event_86,msedgeClick UI element in window
51,Recording_18,Process_14,2022-02-21T04:55:01+00:00,Populate text field in window,Edit 'Inputs' 2 in Window 'Create your  ...  - Microsoft‚Äã Edge',,,,,,,Populate text field in window
52,Recording_18,Process_14,2022-02-21T04:55:07+00:00,Press button in window,Window 'Create your  ...  - Microsoft‚Äã Edge',msedge,Create your flow | Power Automate and 5 more pages - [InPrivate] - Microsoft‚Äã Edge,"[""UIAutomation.PressButton Button: appmask['Window \\'Create your  ...  - Microsoft\u200b Edge\\'']['Button \\'Add an action for Condition\\'s If no branch\\'']\n""]",54.0,Share Mock drill request to higher authority,Event_86,msedgePress button in window
53,Recording_18,Process_14,2022-02-21T04:55:10+00:00,Click UI element in window,Edit 'Search connectors and actions' 4 in Window 'Create your  ...  - Microsoft‚Äã Edge',msedge,Create your flow | Power Automate and 5 more pages - [InPrivate] - Microsoft‚Äã Edge,"[""UIAutomation.Click Element: appmask['Window \\'Create your  ...  - Microsoft\u200b Edge\\'']['Edit \\'Search connectors and actions\\' 4'] ClickType: UIAutomation.ClickType.LeftClick OffsetX: 78 OffsetY: 3 MousePositionRelativeToElement: UIAutomation.RectangleEdgePoint.MiddleLeft\n""]",55.0,Share Mock drill request to higher authority,Event_86,msedgeClick UI element in window
54,Recording_18,Process_14,2022-02-21T04:55:13+00:00,Populate text field in window,Edit 'Search connectors and actions' 5 in Window 'Create your  ...  - Microsoft‚Äã Edge',,,,,,,Populate text field in window
55,Recording_18,Process_14,2022-02-21T04:55:16+00:00,Press button in window,Button 'Compose Data Operation' 2 in Window 'Create your  ...  - Microsoft‚Äã Edge',msedge,Create your flow | Power Automate and 5 more pages - [InPrivate] - Microsoft‚Äã Edge,"[""UIAutomation.PressButton Button: appmask['Window \\'Create your  ...  - Microsoft\u200b Edge\\'']['Button \\'Compose Data Operation\\' 2']\n""]",57.0,Share Mock drill request to higher authority,Event_86,msedgePress button in window
56,Recording_18,Process_14,2022-02-21T04:55:22+00:00,Populate text field in window,Edit 'Inputs' 3 in Window 'Create your  ...  - Microsoft‚Äã Edge',,,,,,,Populate text field in window
57,Recording_18,Process_14,2022-02-21T04:55:25+00:00,Press button in window,Button 'Save' in Window 'Create your  ...  - Microsoft‚Äã Edge',msedge,Create your flow | Power Automate and 5 more pages - [InPrivate] - Microsoft‚Äã Edge,"[""UIAutomation.PressButton Button: appmask['Window \\'Create your  ...  - Microsoft\u200b Edge\\'']['Button \\'Save\\'']\n""]",59.0,Share Mock drill request to higher authority,Event_86,msedgePress button in window
58,Recording_18,Process_14,2022-02-21T04:55:31+00:00,Select menu option in window,Menu Item 'Test' in Window 'Edit your  ...  - Microsoft‚Äã Edge',msedge,Edit your flow | Power Automate and 5 more pages - [InPrivate] - Microsoft‚Äã Edge,"[""UIAutomation.SelectMenuOption Control: appmask['Window \\'Edit your  ...  - Microsoft\u200b Edge\\'']['Menu Item \\'Test\\'']\n""]",60.0,Share Mock drill request to higher authority,Event_86,msedgeSelect menu option in window
59,Recording_18,Process_14,2022-02-21T04:55:33+00:00,Click UI element in window,Text 'ms-ChoiceField-field field-852' in Window 'Edit your  ...  - Microsoft‚Äã Edge',msedge,Edit your flow | Power Automate and 5 more pages - [InPrivate] - Microsoft‚Äã Edge,"[""UIAutomation.Click Element: appmask['Window \\'Edit your  ...  - Microsoft\u200b Edge\\'']['Text \\'ms-ChoiceField-field field-852\\''] ClickType: UIAutomation.ClickType.LeftClick OffsetX: 15 OffsetY: 10 MousePositionRelativeToElement: UIAutomation.RectangleEdgePoint.TopLeft\n""]",61.0,Share Mock drill request to higher authority,Event_86,msedgeClick UI element in window
60,Recording_18,Process_14,2022-02-21T04:55:41+00:00,Press button in window,Button 'Test' in Window 'Edit your  ...  - Microsoft‚Äã Edge',msedge,Edit your flow | Power Automate and 5 more pages - [InPrivate] - Microsoft‚Äã Edge,"[""UIAutomation.PressButton Button: appmask['Window \\'Edit your  ...  - Microsoft\u200b Edge\\'']['Button \\'Test\\'']\n""]",62.0,Share Mock drill request to higher authority,Event_86,msedgePress button in window
61,Recording_18,Process_14,2022-02-21T04:55:45+00:00,Press button in window,Button 'Continue' in Window 'Edit your  ...  - Microsoft‚Äã Edge',msedge,Edit your flow | Power Automate and 5 more pages - [InPrivate] - Microsoft‚Äã Edge,"[""UIAutomation.PressButton Button: appmask['Window \\'Edit your  ...  - Microsoft\u200b Edge\\'']['Button \\'Continue\\'']\n""]",63.0,Share Mock drill request to higher authority,Event_86,msedgePress button in window
62,Recording_18,Process_14,2022-02-21T04:55:51+00:00,Press button in window,Button 'Run flow' in Window 'Edit your  ...  - Microsoft‚Äã Edge',msedge,Edit your flow | Power Automate and 5 more pages - [InPrivate] - Microsoft‚Äã Edge,"[""UIAutomation.PressButton Button: appmask['Window \\'Edit your  ...  - Microsoft\u200b Edge\\'']['Button \\'Run flow\\'']\n""]",64.0,Share Mock drill request to higher authority,Event_86,msedgePress button in window
63,Recording_18,Process_14,2022-02-21T04:57:02+00:00,Press button in window,Button 'Test' in Window 'Edit your  ...  - Microsoft‚Äã Edge',msedge,Edit your flow | Power Automate and 5 more pages - [InPrivate] - Microsoft‚Äã Edge,"[""UIAutomation.PressButton Button: appmask['Window \\'Edit your  ...  - Microsoft\u200b Edge\\'']['Button \\'Test\\'']\n""]",65.0,Share Mock drill request to higher authority,Event_86,msedgePress button in window
64,Recording_18,Process_14,2022-02-21T04:57:31+00:00,Click UI element in window,Group 'msla-monitor-canvas msla-transform-interactive-zone' in Window 'Run History  ...  - Microsoft‚Äã Edge',msedge,Run History | Power Automate and 5 more pages - [InPrivate] - Microsoft‚Äã Edge,"[""UIAutomation.Click Element: appmask['Window \\'Run History  ...  - Microsoft\u200b Edge\\'']['Group \\'msla-monitor-canvas msla-transform-interactive-zone\\''] ClickType: UIAutomation.ClickType.LeftClick OffsetX: 223 OffsetY: 34 MousePositionRelativeToElement: UIAutomation.RectangleEdgePoint.TopLeft\n""]",66.0,Share Mock drill request to higher authority,Event_86,msedgeClick UI element in window
65,Recording_18,Process_14,2022-02-21T04:57:32+00:00,Click UI element in window,Status Bar 'ms-MessageBar-text text-824' in Window 'Edit your  ...  - Microsoft‚Äã Edge',msedge,Edit your flow | Power Automate and 5 more pages - [InPrivate] - Microsoft‚Äã Edge,"[""UIAutomation.Click Element: appmask['Window \\'Edit your  ...  - Microsoft\u200b Edge\\'']['Status Bar \\'ms-MessageBar-text text-824\\''] ClickType: UIAutomation.ClickType.LeftClick OffsetX: 176 OffsetY: 0 MousePositionRelativeToElement: UIAutomation.RectangleEdgePoint.MiddleLeft\n"", '# End of autogenerated actions using the desktop recorder\n']",,Microsoft‚Äã Edge: 'Edit your flow | Power Automate and 5 more pages -...',Event_87,msedgeClick UI element in window
0,Recording_19,Process_14,2022-02-21T06:14:31+00:00,Select menu option in window,Google Chrome - 3 running windows in Quick Launch Bar,,,"[""UIAutomation.SelectMenuOption Control: appmask['Quick Launch Bar']['Google Chrome - 3 running windows']\n""]",2.0,Login to collaborative tool,Event_88,Select menu option in window
1,Recording_19,Process_14,2022-02-21T06:14:34+00:00,Click UI element in window,List Item 'New Tab - Google Chrome' in List 'Task Switcher',,Task Switcher,"[""UIAutomation.Click Element: appmask['List \\'Task Switcher\\'']['List Item \\'New Tab - Google Chrome\\''] ClickType: UIAutomation.ClickType.LeftClick OffsetX: -52 OffsetY: 18 MousePositionRelativeToElement: UIAutomation.RectangleEdgePoint.TopRight\n""]",3.0,Login to collaborative tool,Event_88,Click UI element in window
2,Recording_19,Process_14,2022-02-21T06:14:37+00:00,Press button in window,Button 'SharePoint' in Pane 'New Tab - Google Chrome - Name',chrome,New Tab - Google Chrome - Name,"[""UIAutomation.PressButton Button: appmask['Pane \\'New Tab - Google Chrome - Name\\'']['Button \\'SharePoint\\'']\n""]",4.0,Login to collaborative tool,Event_88,chromePress button in window
3,Recording_19,Process_14,2022-02-21T06:14:40+00:00,Click UI element in window,Hyperlink 'Project RoadMap' in Pane 'New Tab - Google Chrome - Name',chrome,New Tab - Google Chrome - Name,"[""UIAutomation.Click Element: appmask['Pane \\'New Tab - Google Chrome - Name\\'']['Hyperlink \\'Project RoadMap\\''] ClickType: UIAutomation.ClickType.LeftClick OffsetX: -30 OffsetY: 5 MousePositionRelativeToElement: UIAutomation.RectangleEdgePoint.MiddleCenter\n""]",5.0,Login to collaborative tool,Event_88,chromeClick UI element in window
4,Recording_19,Process_14,2022-02-21T06:14:45+00:00,Click UI element in window,Hyperlink 'Documents' in Pane 'New Tab - Google Chrome - Name',chrome,New Tab - Google Chrome - Name,"[""UIAutomation.Click Element: appmask['Pane \\'New Tab - Google Chrome - Name\\'']['Hyperlink \\'Documents\\''] ClickType: UIAutomation.ClickType.LeftClick OffsetX: 72 OffsetY: 1 MousePositionRelativeToElement: UIAutomation.RectangleEdgePoint.MiddleLeft\n""]",6.0,Login to collaborative tool,Event_88,chromeClick UI element in window
5,Recording_19,Process_14,2022-02-21T06:14:52+00:00,Click UI element in window,Hyperlink 'Firefighting mockdrill agenda.docx' in Pane 'New Tab - Google Chrome - Name',chrome,New Tab - Google Chrome - Name,"[""UIAutomation.Click Element: appmask['Pane \\'New Tab - Google Chrome - Name\\'']['Hyperlink \\'Firefighting mockdrill agenda.docx\\''] ClickType: UIAutomation.ClickType.LeftClick OffsetX: 59 OffsetY: -2 MousePositionRelativeToElement: UIAutomation.RectangleEdgePoint.MiddleLeft\n""]",7.0,Login to collaborative tool,Event_88,chromeClick UI element in window
6,Recording_19,Process_14,2022-02-21T06:15:10+00:00,Press button in window,Button 'Share' in Pane 'New Tab - Google Chrome - Name',chrome,New Tab - Google Chrome - Name,"[""UIAutomation.PressButton Button: appmask['Pane \\'New Tab - Google Chrome - Name\\'']['Button \\'Share\\'']\n""]",8.0,Take the Fire fighting mock drill agenda link stored on collaborative tool,Event_89,chromePress button in window
7,Recording_19,Process_14,2022-02-21T06:15:16+00:00,Click UI element in window,Button 'Copy' in Pane 'New Tab - Google Chrome - Name',chrome,New Tab - Google Chrome - Name,"[""UIAutomation.Click Element: appmask['Pane \\'New Tab - Google Chrome - Name\\'']['Button \\'Copy\\''] ClickType: UIAutomation.ClickType.LeftButtonDown OffsetX: 16 OffsetY: -2 MousePositionRelativeToElement: UIAutomation.RectangleEdgePoint.MiddleLeft\n""]",9.0,Take the Fire fighting mock drill agenda link stored on collaborative tool,Event_89,chromeClick UI element in window
8,Recording_19,Process_14,2022-02-21T06:15:23+00:00,Press button in window,Button 'Copy' 2 in Pane 'New Tab - Google Chrome - Name',chrome,New Tab - Google Chrome - Name,"[""UIAutomation.PressButton Button: appmask['Pane \\'New Tab - Google Chrome - Name\\'']['Button \\'Copy\\' 2']\n""]",10.0,Take the Fire fighting mock drill agenda link stored on collaborative tool,Event_89,chromePress button in window
9,Recording_19,Process_14,2022-02-21T06:15:26+00:00,Click UI element in window,Button 'Close' in Pane 'New Tab - Google Chrome - Name',chrome,New Tab - Google Chrome - Name,"[""UIAutomation.Click Element: appmask['Pane \\'New Tab - Google Chrome - Name\\'']['Button \\'Close\\''] ClickType: UIAutomation.ClickType.LeftButtonUp OffsetX: -6 OffsetY: -11 MousePositionRelativeToElement: UIAutomation.RectangleEdgePoint.BottomCenter\n""]",11.0,Take the Fire fighting mock drill agenda link stored on collaborative tool,Event_89,chromeClick UI element in window
10,Recording_19,Process_14,2022-02-21T06:15:33+00:00,Press button in window,Button 'New Tab' in Pane 'New Tab - Google Chrome - Name',chrome,New Tab - Google Chrome - Name,"[""UIAutomation.PressButton Button: appmask['Pane \\'New Tab - Google Chrome - Name\\'']['Button \\'New Tab\\'']\n""]",12.0,Select the date to conduct Fire fighting mock drill in coming week,Event_90,chromePress button in window
11,Recording_19,Process_14,2022-02-21T06:15:37+00:00,Press button in window,Button 'Google apps' in Pane 'New Tab - Google Chrome - Name',chrome,New Tab - Google Chrome - Name,"[""UIAutomation.PressButton Button: appmask['Pane \\'New Tab - Google Chrome - Name\\'']['Button \\'Google apps\\'']\n""]",13.0,Select the date to conduct Fire fighting mock drill in coming week,Event_90,chromePress button in window
12,Recording_19,Process_14,2022-02-21T06:15:40+00:00,Click UI element in window,Document in Pane 'New Tab - Google Chrome - Name',chrome,New Tab - Google Chrome - Name,"[""UIAutomation.Click Element: appmask['Pane \\'New Tab - Google Chrome - Name\\'']['Document'] ClickType: UIAutomation.ClickType.LeftClick OffsetX: -64 OffsetY: 86 MousePositionRelativeToElement: UIAutomation.RectangleEdgePoint.MiddleRight\n""]",14.0,Select the date to conduct Fire fighting mock drill in coming week,Event_90,chromeClick UI element in window
13,Recording_19,Process_14,2022-02-21T06:15:45+00:00,Click UI element in window,Group in Pane 'New Tab - Google Chrome - Name',chrome,New Tab - Google Chrome - Name,"[""UIAutomation.Click Element: appmask['Pane \\'New Tab - Google Chrome - Name\\'']['Group'] ClickType: UIAutomation.ClickType.LeftClick OffsetX: 77 OffsetY: -19 MousePositionRelativeToElement: UIAutomation.RectangleEdgePoint.BottomLeft\n""]",15.0,Select the date to conduct Fire fighting mock drill in coming week,Event_90,chromeClick UI element in window
14,Recording_19,Process_14,2022-02-21T06:15:56+00:00,Click UI element in window,Data Item '28' in Pane 'New Tab - Google Chrome - Name',chrome,New Tab - Google Chrome - Name,"[""UIAutomation.Click Element: appmask['Pane \\'New Tab - Google Chrome - Name\\'']['Data Item \\'28\\''] ClickType: UIAutomation.ClickType.LeftButtonUp OffsetX: 7 OffsetY: -5 MousePositionRelativeToElement: UIAutomation.RectangleEdgePoint.BottomLeft\n""]",16.0,Select the date to conduct Fire fighting mock drill in coming week,Event_90,chromeClick UI element in window
15,Recording_19,Process_14,2022-02-21T06:16:11+00:00,Drag and drop UI element in window,Google Chrome - 3 running windows in Quick Launch Bar,,,"[""UIAutomation.DragAndDropElement MouseDownOffsetY: 8 MouseDownOffsetX: 14 RectangleEdgePointForMouseDown: UIAutomation.RectangleEdgePoint.TopLeft ControlToDrag: appmask['Quick Launch Bar']['Google Chrome - 3 running windows'] MouseUpOffsetY: -38 MouseUpOffsetX: 39 RectangleEdgePointForMouseUp: UIAutomation.RectangleEdgePoint.TopLeft ControlToDropOver: appmask['List \\'Task Switcher\\'']['List Item \\'Setup Page - Zoho CRM - Google Chrome\\''] ClickType: UIAutomation.DragAndDropClickType.LeftClick\n""]",17.0,Open the Approval tool and generate request,Event_91,Drag and drop UI element in window
16,Recording_19,Process_14,2022-02-21T06:16:22+00:00,Click UI element in window,Image 2 in Pane 'New Tab - Google Chrome - Name',chrome,New Tab - Google Chrome - Name,"[""UIAutomation.Click Element: appmask['Pane \\'New Tab - Google Chrome - Name\\'']['Image 2'] ClickType: UIAutomation.ClickType.LeftClick OffsetX: -2 OffsetY: -3 MousePositionRelativeToElement: UIAutomation.RectangleEdgePoint.MiddleCenter\n""]",18.0,Open the Approval tool and generate request,Event_91,chromeClick UI element in window
17,Recording_19,Process_14,2022-02-21T06:16:38+00:00,Drag and drop UI element in window,Hyperlink 'Add Approval Process' in Hyperlink 'Approval Processes' in Pane 'New Tab - Google Chrome - Name',chrome,New Tab - Google Chrome - Name,"[""UIAutomation.DragAndDropElement MouseDownOffsetY: -4 MouseDownOffsetX: -23 RectangleEdgePointForMouseDown: UIAutomation.RectangleEdgePoint.MiddleRight ControlToDrag: appmask['Pane \\'New Tab - Google Chrome - Name\\'']['Hyperlink \\'Approval Processes\\''] MouseUpOffsetY: 0 MouseUpOffsetX: -8 RectangleEdgePointForMouseUp: UIAutomation.RectangleEdgePoint.MiddleRight ControlToDropOver: appmask['Pane \\'New Tab - Google Chrome - Name\\'']['Hyperlink \\'Add Approval Process\\''] ClickType: UIAutomation.DragAndDropClickType.LeftClick\n""]",19.0,Open the Approval tool and generate request,Event_91,chromeDrag and drop UI element in window
18,Recording_19,Process_14,2022-02-21T06:16:43+00:00,Click UI element in window,Data Item 'Approval  ...  Approval Process' in Pane 'New Tab - Google Chrome - Name',chrome,New Tab - Google Chrome - Name,"[""UIAutomation.Click Element: appmask['Pane \\'New Tab - Google Chrome - Name\\'']['Data Item \\'Approval  ...  Approval Process\\''] ClickType: UIAutomation.ClickType.LeftButtonDown OffsetX: 36 OffsetY: 54 MousePositionRelativeToElement: UIAutomation.RectangleEdgePoint.MiddleCenter\n""]",20.0,Open the Approval tool and generate request,Event_91,chromeClick UI element in window
19,Recording_19,Process_14,2022-02-21T06:17:00+00:00,Populate text field in window,Edit 'Name' in Pane 'New Tab - Google Chrome - Name',,,,,,,Populate text field in window
20,Recording_19,Process_14,2022-02-21T06:17:05+00:00,Populate text field in window,Edit 'Description' in Pane 'New Tab - Google Chrome - Name',,,,,,,Populate text field in window
21,Recording_19,Process_14,2022-02-21T06:17:08+00:00,Click UI element in window,Data Item 'Record CreationRecord Edit' in Pane 'New Tab - Google Chrome - Name',chrome,New Tab - Google Chrome - Name,"[""UIAutomation.Click Element: appmask['Pane \\'New Tab - Google Chrome - Name\\'']['Data Item \\'Record CreationRecord Edit\\''] ClickType: UIAutomation.ClickType.LeftClick OffsetX: -22 OffsetY: 0 MousePositionRelativeToElement: UIAutomation.RectangleEdgePoint.MiddleCenter\n""]",23.0,Open the Approval tool and generate request,Event_91,chromeClick UI element in window
22,Recording_19,Process_14,2022-02-21T06:17:11+00:00,Click UI element in window,Hyperlink 'Add Rule to this process' in Pane 'New Tab - Google Chrome - Name',chrome,New Tab - Google Chrome - Name,"[""UIAutomation.Click Element: appmask['Pane \\'New Tab - Google Chrome - Name\\'']['Hyperlink \\'Add Rule to this process\\''] ClickType: UIAutomation.ClickType.LeftButtonUp OffsetX: -51 OffsetY: -5 MousePositionRelativeToElement: UIAutomation.RectangleEdgePoint.MiddleRight\n""]",24.0,Open the Approval tool and generate request,Event_91,chromeClick UI element in window
23,Recording_19,Process_14,2022-02-21T06:17:26+00:00,Click UI element in window,Combo Box 'None' in Pane 'New Tab - Google Chrome - Name',chrome,New Tab - Google Chrome - Name,"[""UIAutomation.Click Element: appmask['Pane \\'New Tab - Google Chrome - Name\\'']['Combo Box \\'None\\''] ClickType: UIAutomation.ClickType.LeftButtonUp OffsetX: 8 OffsetY: 0 MousePositionRelativeToElement: UIAutomation.RectangleEdgePoint.MiddleCenter\n""]",25.0,Open the Approval tool and generate request,Event_91,chromeClick UI element in window
24,Recording_19,Process_14,2022-02-21T06:17:27+00:00,Click UI element in window,Data Item 'Approval  ...  Approval Process' in Pane 'New Tab - Google Chrome - Name',chrome,New Tab - Google Chrome - Name,"[""UIAutomation.Click Element: appmask['Pane \\'New Tab - Google Chrome - Name\\'']['Data Item \\'Approval  ...  Approval Process\\''] ClickType: UIAutomation.ClickType.LeftClick OffsetX: 354 OffsetY: 6 MousePositionRelativeToElement: UIAutomation.RectangleEdgePoint.MiddleLeft\n""]",26.0,Open the Approval tool and generate request,Event_91,chromeClick UI element in window
25,Recording_19,Process_14,2022-02-21T06:17:34+00:00,Populate text field in window,Edit in Pane 'New Tab - Google Chrome - Name',,,,,,,Populate text field in window
26,Recording_19,Process_14,2022-02-21T06:17:40+00:00,Click UI element in window,Text 'Who should approve' in Pane 'New Tab - Google Chrome - Name',chrome,New Tab - Google Chrome - Name,"[""UIAutomation.Click Element: appmask['Pane \\'New Tab - Google Chrome - Name\\'']['Text \\'Who should approve\\''] ClickType: UIAutomation.ClickType.LeftButtonUp OffsetX: 13 OffsetY: 2 MousePositionRelativeToElement: UIAutomation.RectangleEdgePoint.MiddleCenter\n""]",28.0,Send a request for approval to conduct Mock drill to higher authority,Event_92,chromeClick UI element in window
27,Recording_19,Process_14,2022-02-21T06:17:41+00:00,Click UI element in window,Data Item 'None ¬†' in Pane 'New Tab - Google Chrome - Name',chrome,New Tab - Google Chrome - Name,"[""UIAutomation.Click Element: appmask['Pane \\'New Tab - Google Chrome - Name\\'']['Data Item \\'None \xa0\\''] ClickType: UIAutomation.ClickType.LeftClick OffsetX: -14 OffsetY: 11 MousePositionRelativeToElement: UIAutomation.RectangleEdgePoint.TopCenter\n""]",29.0,Send a request for approval to conduct Mock drill to higher authority,Event_92,chromeClick UI element in window
28,Recording_19,Process_14,2022-02-21T06:17:45+00:00,Click UI element in window,Hyperlink 'Users' in Pane 'New Tab - Google Chrome - Name',chrome,New Tab - Google Chrome - Name,"[""UIAutomation.Click Element: appmask['Pane \\'New Tab - Google Chrome - Name\\'']['Hyperlink \\'Users\\''] ClickType: UIAutomation.ClickType.LeftClick OffsetX: -15 OffsetY: -4 MousePositionRelativeToElement: UIAutomation.RectangleEdgePoint.MiddleCenter\n""]",30.0,Send a request for approval to conduct Mock drill to higher authority,Event_92,chromeClick UI element in window
29,Recording_19,Process_14,2022-02-21T06:17:50+00:00,Drag and drop UI element in window,Data Item 'Approval  ...  Approval Process' in Text 'Choose User' in Pane 'New Tab - Google Chrome - Name',chrome,New Tab - Google Chrome - Name,"[""UIAutomation.DragAndDropElement MouseDownOffsetY: -1 MouseDownOffsetX: 0 RectangleEdgePointForMouseDown: UIAutomation.RectangleEdgePoint.MiddleRight ControlToDrag: appmask['Pane \\'New Tab - Google Chrome - Name\\'']['Text \\'Choose User\\''] MouseUpOffsetY: -138 MouseUpOffsetX: -180 RectangleEdgePointForMouseUp: UIAutomation.RectangleEdgePoint.MiddleRight ControlToDropOver: appmask['Pane \\'New Tab - Google Chrome - Name\\'']['Data Item \\'Approval  ...  Approval Process\\''] ClickType: UIAutomation.DragAndDropClickType.LeftClick\n""]",31.0,Send a request for approval to conduct Mock drill to higher authority,Event_92,chromeDrag and drop UI element in window
30,Recording_19,Process_14,2022-02-21T06:18:02+00:00,Click UI element in window,Button 'Done' in Pane 'New Tab - Google Chrome - Name',chrome,New Tab - Google Chrome - Name,"[""UIAutomation.Click Element: appmask['Pane \\'New Tab - Google Chrome - Name\\'']['Button \\'Done\\''] ClickType: UIAutomation.ClickType.LeftButtonUp OffsetX: -1 OffsetY: 4 MousePositionRelativeToElement: UIAutomation.RectangleEdgePoint.MiddleCenter\n""]",32.0,Send a request for approval to conduct Mock drill to higher authority,Event_92,chromeClick UI element in window
31,Recording_19,Process_14,2022-02-21T06:18:07+00:00,Click UI element in window,Data Item 'Approval  ...  Approval Process' in Pane 'New Tab - Google Chrome - Name',chrome,New Tab - Google Chrome - Name,"[""UIAutomation.Click Element: appmask['Pane \\'New Tab - Google Chrome - Name\\'']['Data Item \\'Approval  ...  Approval Process\\''] ClickType: UIAutomation.ClickType.LeftButtonUp OffsetX: 83 OffsetY: -147 MousePositionRelativeToElement: UIAutomation.RectangleEdgePoint.BottomLeft\n""]",33.0,Send a request for approval to conduct Mock drill to higher authority,Event_92,chromeClick UI element in window
32,Recording_19,Process_14,2022-02-21T06:18:09+00:00,Press button in window,Button 'Save' in Pane 'New Tab - Google Chrome - Name',chrome,New Tab - Google Chrome - Name,"[""UIAutomation.PressButton Button: appmask['Pane \\'New Tab - Google Chrome - Name\\'']['Button \\'Save\\'']\n""]",34.0,Send a request for approval to conduct Mock drill to higher authority,Event_92,chromePress button in window
33,Recording_19,Process_14,2022-02-21T06:18:18+00:00,Click UI element in window,Hyperlink 'Tasks' in Pane 'New Tab - Google Chrome - Name',chrome,New Tab - Google Chrome - Name,"[""UIAutomation.Click Element: appmask['Pane \\'New Tab - Google Chrome - Name\\'']['Hyperlink \\'Tasks\\''] ClickType: UIAutomation.ClickType.LeftClick OffsetX: -9 OffsetY: 3 MousePositionRelativeToElement: UIAutomation.RectangleEdgePoint.MiddleCenter\n""]",35.0,Send a request for approval to conduct Mock drill to higher authority,Event_92,chromeClick UI element in window
34,Recording_19,Process_14,2022-02-21T06:18:22+00:00,Click UI element in window,Button 'Create Task' in Pane 'New Tab - Google Chrome - Name',chrome,New Tab - Google Chrome - Name,"[""UIAutomation.Click Element: appmask['Pane \\'New Tab - Google Chrome - Name\\'']['Button \\'Create Task\\''] ClickType: UIAutomation.ClickType.LeftButtonDown OffsetX: 31 OffsetY: -4 MousePositionRelativeToElement: UIAutomation.RectangleEdgePoint.MiddleLeft\n""]",36.0,Send a request for approval to conduct Mock drill to higher authority,Event_92,chromeClick UI element in window
35,Recording_19,Process_14,2022-02-21T06:18:30+00:00,Populate text field in window,Edit 2 in Pane 'New Tab - Google Chrome - Name',,,,,,,Populate text field in window
36,Recording_19,Process_14,2022-02-21T06:18:32+00:00,Click UI element in window,"Edit 'mmm d, yyyy' in Pane 'New Tab - Google Chrome - Name'",chrome,New Tab - Google Chrome - Name,"[""UIAutomation.Click Element: appmask['Pane \\'New Tab - Google Chrome - Name\\'']['Edit \\'mmm d, yyyy\\''] ClickType: UIAutomation.ClickType.LeftClick OffsetX: 39 OffsetY: -3 MousePositionRelativeToElement: UIAutomation.RectangleEdgePoint.MiddleLeft\n""]",38.0,Send a request for approval to conduct Mock drill to higher authority,Event_92,chromeClick UI element in window
37,Recording_19,Process_14,2022-02-21T06:18:42+00:00,Populate text field in window,Edit 3 in Pane 'New Tab - Google Chrome - Name',,,,,,,Populate text field in window
38,Recording_19,Process_14,2022-02-21T06:18:47+00:00,Click UI element in window,Button 'Save' 2 in Pane 'New Tab - Google Chrome - Name',chrome,New Tab - Google Chrome - Name,"[""UIAutomation.Click Element: appmask['Pane \\'New Tab - Google Chrome - Name\\'']['Button \\'Save\\' 2'] ClickType: UIAutomation.ClickType.LeftButtonUp OffsetX: -1 OffsetY: 10 MousePositionRelativeToElement: UIAutomation.RectangleEdgePoint.TopCenter\n""]",43.0,Send a request for approval to conduct Mock drill to higher authority,Event_92,chromeClick UI element in window
39,Recording_19,Process_14,2022-02-21T06:19:20+00:00,Click UI element in window,Hyperlink 'Approval request for Fire fighting mock drill' in Pane 'New Tab - Google Chrome - Name',chrome,New Tab - Google Chrome - Name,"[""UIAutomation.Click Element: appmask['Pane \\'New Tab - Google Chrome - Name\\'']['Hyperlink \\'Approval request for Fire fighting mock drill\\''] ClickType: UIAutomation.ClickType.LeftClick OffsetX: 24 OffsetY: -8 MousePositionRelativeToElement: UIAutomation.RectangleEdgePoint.BottomCenter\n"", '# End of autogenerated actions using the desktop recorder\n']",,Send a request for approval to conduct Mock drill to higher authority,Event_92,chromeClick UI element in window
